PID,Name_E,Name_G,CID,DCode,TCode,BID,Code_16,Phy_VCode,Facility_Type,Is_Tribal,Is_Notional
1,DGD Gulabi Bagh,,,6,0006,4,505,,8,0,False
2,DGD Saraswati Vihar,,,1,0002,2,501,0,8,0,False
3,DGD Shakur Pur I Block,,,1,0002,2,502,0,8,0,False
4,DGD Shalimar Bagh AC1,,,1,0002,2,503,0,8,0,False
5,DGD Bakkarwala,,,7,0021,3,501,0,8,0,False
6,DGD Shalimar B Block,,,1,0002,2,504,0,8,0,False
7,DGD Majra Dabas,,,1,0029,2,508,,8,0,False
8,DGD Prashant Vihar,,,1,0002,2,505,0,8,0,False
9,DGD Baljeet Nagar,,,7,0019,3,501,0,8,0,False
10,DGD Rohini Sector2,,,1,0030,2,501,0,8,0,False
11,DGD Rohini Sector8,,,1,0030,2,502,0,8,0,False
12,DGD Baprola,,,7,0021,3,502,0,8,0,False
13,DGD Rohini Sector13,,,1,0030,2,503,0,8,0,False
14,DGD Choukhandi,,,7,0019,3,502,0,8,0,False
15,DGD Rohini Sector18,,,1,0030,2,504,0,8,0,False
16,DGD Hiran Kudna,,,7,0021,3,503,0,8,0,False
17,DGD Dariyapur Kalan,,,2,0001,1,502,,8,0,False
18,DGD Janakpuri A4 Block,,,7,0019,3,503,0,8,0,False
19,DGD Timarpur,,,6,0004,4,501,,8,0,False
20,DGD Jeevan Park,,,7,0019,3,504,0,8,0,False
21,DGD Jaunti,,,1,0029,2,507,,8,0,False
22,DGD Jwala Puri,,,7,0021,3,504,0,8,0,False
23,DGD Wazirabad,,,6,0004,4,502,,8,0,False
24,DGD Katewara,,,2,0001,1,503,,8,0,False
25,DGD Khyala,,,7,0019,3,505,0,8,0,False
26,DGD Madanpur Dabas,,,1,0029,2,509,,8,0,False
27,DGD Madipur,,,7,0021,3,505,0,8,0,False
28,DGD Nizampur,,,1,0029,2,501,,8,0,False
29,DGD Mundka,,,7,0021,3,506,0,8,0,False
30,DGD Harewali,,,2,0001,1,505,,8,0,False
31,DGD Nangli Jalib,,,7,0020,3,501,0,8,0,False
33,DGD Nangloi,,,7,0021,3,507,0,8,0,False
34,DGD Rohini Court,,,1,0030,2,505,,8,0,False
35,DGD Sultanpuri,,,1,0030,2,506,,8,0,False
36,DGD Nawada,,,7,0019,3,506,0,8,0,False
37,DGD Kirari,,,1,0029,2,502,,8,0,False
38,DGD Mangol Puri,,,1,0030,2,524,,8,0,False
40,DGD Wazirpur JJ Colony,,,1,0002,2,516,0,8,0,False
42,DGD Ashok Vihar H Block,,,1,0002,2,558,,8,0,False
43,DGD New Ranjeet Nagar,,,7,0019,3,507,0,8,0,False
44,DGD Wazirpur PH3,,,1,0002,2,517,0,8,0,False
45,DGD Pul Bangash,,,6,0004,4,504,,8,0,False
46,DGD Bhorgarh,,,2,0001,1,506,,8,0,False
47,DGD Paschim Puri,,,7,0021,3,508,0,8,0,False
48,DGD Majnu Ka Tilla,,,6,0004,4,505,,8,0,False
49,DGD Paschim Vihar,,,7,0021,3,509,0,8,0,False
50,DGD Bakhtawar Pur,,,2,0031,1,503,,8,0,False
51,DGD Narela,,,2,0001,1,508,,8,0,False
52,DGD Prem Nagar,,,7,0019,3,508,0,8,0,False
53,DGD Kamla Nagar,,,6,0004,4,506,,8,0,False
54,DGD Raghubir Nagar,,,7,0020,3,502,0,8,0,False
55,DGD Khera Kalan,,,2,0031,1,504,,8,0,False
56,DGD Sannoth,,,2,0001,1,510,,8,0,False
57,DGD Shahjada Bagh,,,6,0006,4,506,,8,0,False
58,DGD Ram Dutt Enclave,,,7,0019,3,509,0,8,0,False
59,DGD Holambi Kalan PH1,,,2,0001,1,511,0,8,0,False
60,DGD Inderlok,,,6,0006,4,507,,8,0,False
61,DGD Ranjit Nagar,,,7,0019,3,510,0,8,0,False
62,DGD Tihar Jail Complex,,,7,0020,3,503,0,8,0,False
63,DGD Holambi Kalan PH2,,,2,0001,1,512,0,8,0,False
64,DGD Sarai Rohilla,,,6,0006,4,503,,8,0,False
65,DGD Jahangirpuri H Block,,,2,0003,1,502,0,8,0,False
66,DGD Tikri Kalan,,,7,0021,3,510,0,8,0,False
67,DGD Anand Parbat,,,6,0006,4,504,,8,0,False
68,DGD Tilak Vihar,,,7,0019,3,511,0,8,0,False
69,DGD Wazirpur Industrial Area,,,1,0002,2,518,0,8,0,False
70,DGD Mukund Pur,,,6,0004,4,507,,8,0,False
71,DGD Jahangirpuri B Block,,,2,0003,1,503,0,8,0,False
72,DGD Tilangpur Kotla,,,7,0021,3,511,0,8,0,False
73,DGD Vikaspuri,,,7,0019,3,512,0,8,0,False
74,DGD Jharoda Majra,,,6,0004,4,508,,8,0,False
75,DGD Bhalaswa JJ,,,2,0003,1,504,0,8,0,False
76,DGD Shiv Vihar,,,7,0019,3,513,0,8,0,False
77,DGD Bhalaswa Dairy,,,2,0003,1,505,,8,0,False
78,SPUHC Samta Vihar,,,6,0004,4,509,,8,0,False
79,DGD Mukhmail Pur,,,2,0031,1,505,,8,0,False
80,SPUHC Jagatpur,,,6,0004,4,510,,8,0,False
81,DGD Janakpuri C4 Block,,,7,0019,3,514,0,8,0,False
82,DGD Sangam Park,,,1,0002,2,559,,8,0,False
83,DGD Model Town,,,2,0003,1,507,,8,0,False
84,SPUHC Nathpura,,,6,0004,4,511,0,8,0,False
85,MH Gulabi Bagh,,,6,0006,4,508,,10,0,False
86,DGD Gur Mandi,,,2,0003,1,508,,8,0,False
87,DGD Keshav Puram B4,,,1,0002,2,519,0,8,0,False
88,MH Jawahar Nagar,,,6,0004,4,512,,10,0,False
89,DGD Keshav Puram C7,,,1,0002,2,520,0,8,0,False
90,DGD Rani Khera,,,1,0029,2,503,,8,0,False
91,MH Shakti Nagar,,,6,0004,4,513,,10,0,False
92,DGD Jaidev Park,,,1,0002,2,522,0,8,0,False
93,SPUHC Chander Vihar,,,7,0021,3,512,0,8,0,False
94,DGD Sawada Ghevra,,,1,0029,2,504,,8,0,False
95,DGD Ajmeri Gate,DGD Ajmeri Gate,,6,0006,4,518,,8,0,False
96,DGD Pitampura,,,1,0002,2,524,0,8,0,False
97,SPUHC Nihal Vihar,,,7,0021,3,513,0,8,0,False
98,MH Kamla Nehru,,,6,0006,4,509,,10,0,False
99,SPUHC Mohan Garden,,,7,0019,3,515,0,8,0,False
100,DGD Paharganj,DGD Paharganj,,6,0018,4,508,,8,0,False
101,SPUHC Begumpur,,,1,0030,2,507,0,8,0,False
102,SPUHC Swaroop Nagar,,,2,0001,1,514,0,8,0,False
103,SPUHC Prem Nagar II,,,1,0030,2,508,,8,0,False
104,DGD Dujana House,DGD Dujana House,,6,0006,4,519,,8,0,False
105,SPUHC Prem Nagar 3,,,1,0030,2,509,0,8,0,False
106,MCW Bagh Kare Khan,,,6,0006,4,510,,12,0,False
107,SPUHC Aman Vihar,,,1,0030,2,510,,8,0,False
108,MCW Basti Harphool Singh,,,6,0006,4,511,,12,0,False
109,SPUHC Budh Vihar,,,1,0030,2,511,,8,0,False
110,MCW Tilak Nagar,,,7,0019,3,516,0,12,0,False
111,MCW Burari,,,6,0004,4,514,,12,0,False
112,SPUHC Laxmi Vihar,,,1,0030,2,512,0,8,0,False
113,MCW Inder Lok,,,6,0006,4,512,,12,0,False
114,DGD Suiwalan,DGD Suiwalan,,6,0006,4,520,,8,0,False
115,MCW Katra Neel,,,6,0006,4,513,,12,0,False
116,MH Bakhthvar Pur,,,2,0031,1,506,0,10,0,False
117,DGD Motia Khan,DGD Motia Khan,,6,0018,4,509,,8,0,False
118,MH Madipur,,,7,0021,3,514,0,10,0,False
119,Maternity HomeBhaiParmanand,,,2,0003,1,509,0,10,0,False
120,MH Mangolpuri,,,1,0030,2,513,0,10,0,False
121,MH Subhash Nagar,,,7,0020,3,504,0,10,0,False
122,MH Narela,,,2,0001,1,516,,10,0,False
123,MCW Khyber Pass,,,6,0004,4,515,,12,0,False
124,DGD Nabi Karim,DGD Nabi Karim,,6,0018,4,510,,8,0,False
125,MH Shakurpur,,,1,0002,2,532,0,10,0,False
126,MH Tri Nagar,,,1,0002,2,533,0,10,0,False
127,MCW Ghanta Ghar,,,6,0004,4,516,,12,0,False
128,MH Vishnu Garden,,,7,0019,3,517,0,10,0,False
129,DGD Gali Samosan,DGD Gali Samosan,,6,0006,4,521,,8,0,False
130,MCW Pahari Dheeraj,,,6,0006,4,514,,12,0,False
131,MCW Fateh Nagar,,,7,0020,3,505,0,12,0,False
132,MCW Shastri Nagar,,,6,0006,4,515,,12,0,False
133,DGD Chamelian Road,DGD Chamelian Road,,6,0018,4,511,,8,0,False
134,DGD Ballimaran,DGD Ballimaran,,6,0006,4,522,,8,0,False
135,MCW Teliwara,,,6,0006,4,516,,12,0,False
136,MCW Timarpur,,,6,0004,4,517,,12,0,False
137,DGD Tank Road,DGD Tank Road,,6,0018,4,501,10000011,8,0,False
138,DGD RegarPura,DGD Regarpura,,6,0018,4,502,0,8,0,False
139,MH Rana Pratap Bagh,,,1,0002,2,534,0,10,0,False
140,MH Rohini Sec 3,,,1,0030,2,514,0,10,0,False
142,MH Rani Bagh,,,1,0002,2,536,0,10,0,False
143,MCW Hari Nagar,,,7,0020,3,506,0,12,0,False
144,IPP VIII Zakhira,,,6,0006,4,517,0,12,0,False
145,MCW Alipur,,,2,0031,1,507,,12,0,False
146,DGD Gali Guliyan,DGD Gali Guliyan,,6,0006,4,523,,8,0,False
147,MCW Azadpur,,,2,0003,1,510,,12,0,False
148,MCW Hastal,,,7,0019,3,518,0,12,0,False
149,MCW Badli,,,2,0031,1,508,,12,0,False
150,MCW Hastsal Janta Flats,,,7,0019,3,519,0,12,0,False
151,MCW Bawana,,,2,0001,1,519,,12,0,False
152,MCW Bharat Nagar,,,1,0002,2,560,,12,0,False
153,MCW T Camp Shiv Vihar,,,7,0019,3,520,0,12,0,False
154,MCW Budh Vihar,,,1,0030,2,515,,12,0,False
155,MCW Daryaganj,MCW Daryaganj,,6,0006,4,524,,12,0,False
156,MCW Dhaka Colony,,,2,0003,1,512,,12,0,False
157,MCW Hirankunda,,,7,0021,3,515,0,12,0,False
158,MCW Dev Nagar,MCW Dev Nagar,,6,0018,4,503,0,12,0,False
159,MCW Inder Nagar,,,2,0003,1,513,0,12,0,False
160,MCW Jawalapuri,,,7,0021,3,516,0,12,0,False
161,MCW Hauz Qazi,MCW Hauz Quazi,,6,0006,4,525,0,12,0,False
162,MCW Haiderpur,,,1,0002,2,561,,12,0,False
163,MCW Khayala,,,7,0019,3,521,0,12,0,False
164,MCW Kamra Bangash,MCW Kamra Bangash,,6,0006,4,526,,12,0,False
165,MCW Jhangirpuri A Block,,,2,0003,1,515,,12,0,False
166,MCW Jhangirpuri D Block,,,2,0003,1,516,,12,0,False
167,MCW Mahindra Park,,,7,0020,3,507,0,12,0,False
168,MCW Kanjhawala,,,1,0029,2,505,,12,0,False
169,MCW Katra Kushal Rai,MCW Katra Kushal Rai,,6,0006,4,527,,12,0,False
170,PHC MCW Nangloi,,,7,0021,3,517,0,12,0,False
171,MCW Keshavpuram,,,1,0002,2,539,0,12,0,False
172,MCW Reading Road NDMC,MCW Reading Road,,5,0014,5,509,0,12,0,False
173,MCW Kewalpark,,,2,0003,1,517,0,12,0,False
174,MCW New Moti Nagar,,,7,0019,3,522,0,12,0,False
175,MCW Kucha Pandit,MCW Kucha Pandit,,6,0006,4,528,,12,0,False
176,MCW Mangolpuri S Block,,,1,0030,2,516,,12,0,False
177,MCW Pitampura,,,1,0030,2,517,,12,0,False
178,MCW Paschim Vihar,,,7,0021,3,518,0,12,0,False
179,MCW RAMPURA,,,1,0002,2,542,0,12,0,False
180,MCW Lahori Gate,MCW Lahori Gate,,6,0006,4,529,,12,0,False
181,MCW Rohini Sec4,,,1,0030,2,518,0,12,0,False
182,MCW Rohini Sec7,,,1,0030,2,519,0,12,0,False
183,MCW Ramesh Nagar,,,7,0020,3,508,0,12,0,False
184,MCW Model Basti,MCW Model Basti,,6,0018,4,512,,12,0,False
185,MCW Ranjeet Nagar,,,7,0019,3,523,0,12,0,False
186,MCW ShabadDaulatpur,,,2,0031,1,501,0,12,0,False
187,MCW Tagore Garden,,,7,0020,3,509,0,12,0,False
188,MCW Shishu Kalyan Kendra NDMC,MCW Shishu Kalyan Kendra,,5,0014,5,510,0,12,0,False
189,MCW Satyawatipark,,,1,0002,2,546,0,12,0,False
190,MCW Motia Khan,MCW Motia Khan,,6,0018,4,513,,12,0,False
191,MCW Shakurpur,,,1,0002,2,547,0,12,0,False
192,MCW Babar Road NDMC,MCW Babar Road,,5,0014,5,511,0,12,0,False
193,MCW Uttam Nagar,,,7,0019,3,524,0,12,0,False
194,MCW Sultanpuri F Block,,,1,0030,2,520,,12,0,False
195,MCW Nabi Karim,MCW Nabi Karim,,6,0018,4,514,,12,0,False
196,MCW Sultanpuri CBlock,,,1,0030,2,521,0,12,0,False
197,FWC Vikas Puri,,,7,0019,3,525,0,8,0,False
198,MCW Vijay Nagar,,,2,0003,1,518,,12,0,False
199,MCW Naiwalan,MCW Naiwalan,,6,0018,4,504,0,12,0,False
200,MCW Kidwai Nagar NDMC,MCW Kidwai Nagar,,5,0014,5,501,0,12,0,False
201,MCW Baprolla,,,7,0021,3,519,0,12,0,False
202,MCW Naughera,MCW Naughera,,6,0006,4,530,,12,0,False
203,MCW Paharganj,MCW Paharganj,,6,0018,4,515,,12,0,False
204,MH Haiderpur,,,1,0002,2,550,0,10,0,False
205,MCW Kitchner Road NDMC,MCW Kichner Road,,5,0014,5,502,0,12,0,False
206,MH Shahbad Daulatpur,,,2,0031,1,502,0,10,0,False
207,MCW Janak Puri,,,7,0019,3,526,0,12,0,False
208,MCW Old Rajinder Nagar,MCW Old Rajinder Nagar,,6,0018,4,505,0,12,0,False
209,MCW Sarojini Nagar NDMC,MCW Sarojini Nagar,,5,0014,5,503,0,12,0,False
210,MCW Kirti Nagar,,,7,0020,3,510,0,12,0,False
211,MH Regar Pura,Mty. Home Regar Pura,,6,0018,4,506,0,10,0,False
212,MCW Golf Link NDMC,MCW Golf Link,,5,0014,5,505,0,12,0,False
213,MCW Raghubir Nagar,,,7,0020,3,511,0,12,0,False
214,MH Jawalapuri,,,7,0021,3,520,0,10,0,False
215,MCW Sadak Prem Narayan,MCW Sadak Prem Narayan (SPN),,6,0006,4,531,0,12,0,False
216,MCW Peeragarhi,,,7,0021,3,521,0,12,0,False
217,MCW Lal Bagh,,,2,0003,1,519,,12,0,False
218,Palika Maternity Hospital,Palika Maternity Hospital,,5,0014,5,506,,4,0,False
219,MCW Bawana,,,2,0001,1,520,0,12,0,False
220,Wazir Pur,,,1,0002,2,552,0,12,0,False
221,MCW Kanchan Puri,MCW Kanchan Puri,,6,0006,4,532,,12,0,False
222,MCW Narela 1,,,2,0001,1,521,,12,0,False
223,MCW Jahangirpuri B Block,,,2,0003,1,520,0,12,0,False
224,DGD Bawana,,,2,0001,1,522,,8,0,False
225,DGD Delhi High Court,DGD High Court,,5,0014,5,507,0,8,0,False
226,UHC DELHI GATE PSM MAMC,UHC-Delhi Gate (PSM MAMC),,6,0006,4,533,0,8,0,False
227,SPUHC Mansa Ram Park,,,7,0019,3,527,0,8,0,False
228,DGD Surajmal Vihar,,,10,0011,12,501,,8,0,False
229,DGD Chattarpur,,,9,0036,7,501,,8,0,False
230,DGD Jonapur,,,9,0035,7,501,,8,0,False
231,DGD Bersarai,,,9,0035,7,502,0,8,0,False
232,DGD Mayur Vihar Phase 1,,,4,0028,6,502,0,8,0,False
233,DGD Trilokpuri,,,4,0028,6,503,,8,0,False
234,DGD Begumpur,,,9,0025,7,504,0,8,0,False
235,DGD Himmatpuri,,,4,0028,6,504,,8,0,False
236,DGD Chirag Delhi,,,9,0025,7,505,0,8,0,False
237,DGD Garhi,,,11,0026,11,501,,8,0,False
238,DGD Vasundhara Enclave,,,4,0028,6,505,,8,0,False
239,DGD Sri Niwas Puri,,,11,0026,11,502,,8,0,False
240,DGD Batla House,,,11,0026,11,503,,8,0,False
241,DGD Kalkaji,,,11,0027,11,501,,8,0,False
242,DGD Jagatpuri,,,4,0012,6,505,0,8,0,False
243,DGD Khanpur,,,9,0025,7,506,0,8,0,False
244,DGD Kalyanpuri,,,4,0028,6,506,,8,0,False
245,DGD Dakshinpuri,,,9,0025,7,507,0,8,0,False
246,DGD Madangir,,,9,0025,7,508,0,8,0,False
247,DGD Shashi Garden,,,4,0028,6,507,,8,0,False
248,DGD Molarband,,,11,0037,11,501,,8,0,False
249,DGD Mandawali Fazalpur,,,4,0012,6,508,0,8,0,False
250,DGD Sunlight Colony,,,11,0026,11,504,,8,0,False
251,DGD Geeta Colony,,,4,0010,6,501,0,8,0,False
252,DGD Sarai Kale Khan,,,11,0026,11,505,,8,0,False
253,DGD Laxmi Nagar,,,4,0012,6,509,0,8,0,False
254,DGD Krishna Nagar,,,10,0008,12,508,,8,0,False
255,DGD Bank Enclave,,,4,0012,6,510,0,8,0,False
256,DGD Kanti Nagar,,,10,0008,12,509,,8,0,False
257,DGD Sangam Vihar D Block,,,11,0027,11,503,,8,0,False
258,DGD Tajpur,,,11,0037,11,502,,8,0,False
259,DGD Chander Nagar,,,4,0010,6,504,0,8,0,False
260,DGD Sangam Vihar K2,,,9,0036,7,508,,8,0,False
261,SPUHC Neb Sarai,,,9,0036,7,502,,8,0,False
262,DGD Karkardooma Village,,,10,0011,12,502,,8,0,False
263,SPUHC Sangam vihar F2,,,11,0027,11,506,,8,0,False
264,SPUHC Jawahar park,,,9,0036,7,503,,8,0,False
265,DGD Karkardooma Court,,,10,0011,12,503,,8,0,False
266,SPUHC Sangam Vihar D 5,,,11,0027,11,507,,8,0,False
267,SPUHC Pul Prahladpur,,,11,0027,11,508,,8,0,False
268,DGD I.P. Extn.,,,4,0012,6,511,0,8,0,False
269,SPUHC Tuglakabad Extn,,,11,0027,11,509,,8,0,False
270,SPUHC Aya Nagar,,,9,0035,7,503,,8,0,False
271,SPUHC Sangam Vihar L 2,,,9,0036,7,504,,8,0,False
272,SPUHC Sangam Vihar B Block,,,11,0027,11,510,,8,0,False
273,SPUHC Sangam Vihar H Block,,,11,0027,11,511,,8,0,False
274,DGD Bholanath Nagar,,,10,0011,12,510,,8,0,False
275,DGD Mukesh Nagar,,,10,0011,12,511,,8,0,False
276,DGD Vivek Vihar,,,10,0011,12,504,,8,0,False
277,DGD Kondli Mayur Vihar Phase 3,,,4,0028,6,508,0,8,0,False
278,SPUHC Jheel,,,10,0008,12,510,,8,0,False
279,SPUHC Ghazipur,,,4,0012,6,513,0,8,0,False
280,SPUHC New Ashok Nagar,,,4,0028,6,509,,8,0,False
281,MH Geeta Colony,,,4,0010,6,508,0,10,0,False
282,MH Khichripur,,,4,0028,6,510,,10,0,False
283,MH Patparganj,,,4,0028,6,511,,10,0,False
284,MCW Anarkali,,,4,0012,6,517,0,12,0,False
285,MCW GRDN Laxmi Nagar,,,4,0012,6,518,0,12,0,False
286,MCW Geeta Colony,,,4,0010,6,509,0,12,0,False
287,MCW Himmatpuri,,,4,0028,6,512,,12,0,False
288,MCW Kailash Nagar,,,4,0010,6,510,0,12,0,False
289,MCW Krishna Nagar,,,10,0008,12,511,,12,0,False
290,MCW Mandawali,,,4,0012,6,520,0,12,0,False
291,MCW Sarai Mohalla,,,10,0008,12,512,0,12,0,False
292,MCW Vivek Vihar,,,10,0011,12,505,,12,0,False
293,MCW Vishwakarma Park,,,4,0010,6,518,,12,0,False
294,MCW Trilokpuri,,,4,0028,6,513,,12,0,False
295,MCW Andrews ganj,,,11,0026,11,506,,12,0,False
296,MCW Badarpur,,,11,0037,11,503,,12,0,False
297,DGD Arvind Nagar,,,3,0038,8,503,,8,0,False
298,MCW Nehru Place,,,11,0026,11,517,,12,0,False
299,MCW  Okhla Phase I,,,11,0027,11,514,,12,0,False
300,MCW Dakshinpuri 5 Block,,,9,0025,7,513,0,12,0,False
301,MCW Bhatti Mines,,,9,0036,7,505,0,12,0,False
302,MCW  Hauz Khas,,,9,0025,7,515,0,12,0,False
303,MCW Defence Colony,,,11,0026,11,507,,12,0,False
304,IPPVIII Dakshinpuri,,,9,0025,7,516,0,12,0,False
305,MH Defence Colony,,,11,0026,11,508,,10,0,False
306,MCW Deoli,,,9,0036,7,506,,12,0,False
307,MH Badarpur,,,11,0037,11,504,,10,0,False
308,MH Jangpura,,,11,0026,11,509,,10,0,False
309,MCW Fatehpur Beri,,,9,0035,7,504,,12,0,False
310,MCW Gautam Nagar,,,9,0025,7,519,0,12,0,False
311,MH Sri Niwas Puri,,,11,0026,11,510,,10,0,False
312,DGD Old Seemapuri,,,10,0011,12,517,,8,0,False
313,MCW Jait Pur,,,11,0037,11,505,,12,0,False
314,PPU Kalkaji,,,11,0027,11,517,,11,0,False
315,MCW Kalkaji,,,11,0027,11,518,,12,0,False
316,MCW Khijrabad,,,11,0026,11,511,,12,0,False
317,DGD New Seemapuri,,,10,0011,12,518,0,8,0,False
318,DGD Nand Nagri Ext.,,,10,0009,12,503,,8,0,False
319,MCW Lajpat Nagar,,,11,0026,11,512,,12,0,False
320,DGD Nand Nagri,,,10,0009,12,504,,8,0,False
321,MCW Madanpur Khadar,,,11,0037,11,506,,12,0,False
322,DGD Johri Pur,,,3,0039,8,502,,8,0,False
323,MCW Madangir,,,9,0025,7,520,0,12,0,False
324,UHC Gokulpuri,,,3,0038,8,504,0,3,0,False
325,DGD Nangal Raya,,,5,0023,5,501,,8,0,False
326,MCW Mehrauli,,,9,0035,7,505,,12,0,False
327,DGD Saboli,,,10,0009,12,505,,8,0,False
328,DGD Babarpur,,,10,0008,12,501,,8,0,False
329,DGD Mayapuri,,,5,0023,5,502,,8,0,False
330,MCW Nehru Nagar,,,11,0026,11,513,,12,0,False
331,MCW Sewa Nagar,,,11,0027,11,527,,12,0,False
332,DGD West Jyoti Nagar,,,10,0008,12,514,,8,0,False
333,DGD Motibagh,,,5,0023,5,516,,8,0,False
334,MCW Shahpur Jat,,,9,0025,7,522,0,12,0,False
335,DGD Dhansa,,,8,0022,10,501,0,8,0,False
336,MCW Tughlakabad,,,11,0027,11,520,0,12,0,False
337,DGD Gautampuri,,,3,0007,8,505,0,8,0,False
338,DGD Jharoda Kalan,,,8,0022,10,502,0,8,0,False
339,DGD Mundela Khurd,,,8,0022,10,503,0,8,0,False
340,DGD Yamuna Vihar,,,3,0038,8,501,,8,0,False
341,DGD Nangli Sakrawati,,,8,0033,10,502,,8,0,False
342,DGD Maujpur,,,10,0008,12,515,,8,0,False
343,DGD Kanganheri,,,8,0034,10,504,,8,0,False
344,DGD Khajuri Khas,,,3,0039,8,503,,8,0,False
345,DGD Rawta,,,8,0034,10,505,,8,0,False
346,DGD Dayalpur,,,3,0039,8,504,,8,0,False
347,MCW Dakshin Puri E Block,,,9,0025,7,523,0,12,0,False
348,DGD Pandwalan Kalan,,,8,0034,10,506,0,8,0,False
349,DGD Sec 19 Dwarka,,,8,0033,10,503,0,8,0,False
350,DGD Dilshad Garden,,,10,0011,12,519,,8,0,False
351,DGD Sec 2 Dwarka,,,8,0033,10,504,0,8,0,False
352,DGD Durgapuri,,,10,0008,12,502,,8,0,False
353,DGD Sec 12 Dwarka,,,8,0033,10,505,0,8,0,False
354,DGD Ashok Nagar,,,10,0008,12,503,,8,0,False
355,DGD Shahbad Mohammadpur,,,5,0023,5,517,,8,0,False
356,DGD Rajokari,,,5,0024,5,503,,8,0,False
357,DGD Bamnoli,,,8,0034,10,501,,8,0,False
358,DGD Mahipalpur,,,5,0024,5,505,,8,0,False
359,DGD Seelampur,,,3,0007,8,509,0,8,0,False
360,DGD Jhatikara,,,8,0034,10,507,,8,0,False
361,SPUHC Amar Colony,,,10,0011,12,520,,8,0,False
362,SPUHC Bhagirathi Vihar,,,3,0039,8,516,,8,0,False
363,SPUHC Old Mustafabad,,,3,0038,8,505,,8,0,False
364,SPUHC Nehru Vihar,,,3,0039,8,505,,8,0,False
365,SPUHC Shiv Vihar 2,,,3,0039,8,506,,8,0,False
366,SPUHC Shiv Vihar 5,,,3,0039,8,507,,8,0,False
367,SPUHC Sonia Vihar 0 pusta,,,3,0039,8,508,0,8,0,False
368,SPUHC Sonia Vihar 4.5 pusta,,,3,0039,8,509,0,8,0,False
369,SPUHC New Mustafabad,,,3,0038,8,506,,8,0,False
370,SPUHC Jafrabad,,,3,0007,8,517,0,8,0,False
371,SPUHC Chauhan Patti,,,3,0039,8,510,,8,0,False
372,SPUHC Chandu Nagar,,,3,0039,8,511,,8,0,False
373,SPUHC Rajeev Nagar Shri Ram Colony,,,3,0039,8,512,0,8,0,False
374,SPUHC Kabeer Nagar,,,10,0008,12,516,,8,0,False
375,SPUHC Shaheed Bhagat Singh Colony,,,3,0039,8,513,,8,0,False
376,DGD Sadh Nagar,,,8,0033,10,506,,8,0,False
377,DGD Sagarpur,,,5,0023,5,503,,8,0,False
378,SPUHC Brahampuri,,,3,0007,8,523,0,8,0,False
379,MH Chandiwala,,,10,0011,12,524,,10,0,False
380,MH Welcome Seelampur,,,3,0007,8,524,0,10,0,False
381,MH Karawal Nagar,,,3,0039,8,514,,10,0,False
382,DGD Kapashera,,,8,0034,10,503,,8,0,False
383,MH Yamuna Vihar,,,3,0038,8,507,,10,0,False
384,MH Seemapuri,,,10,0011,12,521,,10,0,False
385,DGD Inderpuri,,,5,0023,5,505,,8,0,False
386,DGD Budh Nagar,,,5,0023,5,506,,8,0,False
387,DGD Malikpur,,,8,0022,10,513,0,8,0,False
388,DGD Dindarpur,,,8,0034,10,508,,8,0,False
389,DGD Issapur,,,8,0022,10,515,0,8,0,False
390,DGD Sec 10 Dwarka,,,8,0033,10,507,0,8,0,False
391,MCW Babarpur,,,10,0008,12,505,,12,0,False
392,DGD Raj Nagar II,,,8,0033,10,508,0,8,0,False
393,MCW Gautampuri,,,3,0007,8,527,0,12,0,False
394,MCW Ghonda,,,3,0038,8,508,,12,0,False
395,MCW Nand Nagri B4,,,10,0009,12,511,,12,0,False
396,DGD Chhawla,,,8,0034,10,509,,8,0,False
397,MCW Nand Nagri E4,,,10,0009,12,512,,12,0,False
398,DGD Sec 17 Dwarka,,,8,0033,10,509,0,8,0,False
399,MCW New Seemapuri,,,10,0011,12,522,,12,0,False
400,MCW Seelampur,,,3,0007,8,529,0,12,0,False
401,SPUHC Samalka,,,5,0024,5,506,,8,0,False
402,MCW Yamuna Vihar 1,,,3,0038,8,509,,12,0,False
403,SPUHC Gopal Nagar,,,8,0022,10,520,0,8,0,False
404,MCW Old Seemapuri 1,,,10,0011,12,523,,12,0,False
405,SPUHC Kakrola,,,8,0033,10,510,,8,0,False
406,SPUHC Ranaji Enclave,,,8,0022,10,522,0,8,0,False
407,SPUHC Dharampura,,,8,0022,10,523,0,8,0,False
408,SPUHC Qutub Vihar,,,8,0034,10,510,,8,0,False
409,MCW Bindapur,,,8,0033,10,511,,12,0,False
410,MCW Welcome Seelampur,,,10,0008,12,517,,12,0,False
411,MCW Bijwasan,,,8,0034,10,502,,12,0,False
412,MCW Inderpuri,,,5,0023,5,507,,12,0,False
413,MCW Moti Bagh,,,5,0023,5,518,,12,0,False
414,MCW Nangal Raya,,,5,0023,5,508,,12,0,False
416,MCW Sagarpur,,,8,0033,10,501,,12,0,False
417,MCW Vashist Park,,,8,0033,10,512,,12,0,False
418,MCW Rangpuri,,,5,0024,5,509,,12,0,False
419,MH Naraina,,,5,0023,5,511,,10,0,False
420,MCW R K Puram,,,5,0024,5,510,,12,0,False
421,MCW Gautam Puri,,,11,0037,11,507,0,12,0,False
422,NGO St. John Ambulance Brigade,,,6,0004,4,518,0,8,0,False
424,UHC Gokulpuri (duplicate for deletion),,,3,0007,8,532,0,3,0,False
425,DGD Bhagirathi Vihar,,,3,0039,8,515,,8,0,False
426,DGD Sec 14 Dwarka,,,8,0033,10,513,0,8,0,False
427,MCW Ber Sarai,,,9,0035,7,506,,12,0,False
428,A and U Tibbia College,,,6,0018,4,507,0,5,0,False
429,Satyawati Raja Harishchandra Hospital,,,2,0001,1,523,0,5,0,False
430,RHTC Najafgarh,,,8,0022,10,528,0,1,0,False
431,Delhi Cantt General Hospital,,,5,0023,5,512,,2,0,False
432,Mahirishi Balimiki Hospital,,,2,0001,1,524,0,5,0,False
433,Bhagwan mahavir Hospital Pitampura,,,1,0002,2,553,0,5,0,False
434,Central Hospital (Northern Railways),,,5,0014,5,512,,5,0,False
435,Sanjay Gandhi Memorial Hospital Mangolpuri,,,1,0030,2,525,0,5,0,False
436,Hedgewar Hospital,,,10,0011,12,515,0,5,0,False
437,Acharya Shree Bhikshu Hospital,,,7,0019,3,529,0,5,0,False
438,Pt. Madan Mohan Malviya Hospital,,,9,0025,7,527,0,5,0,False
439,Babu Jagjeevan Ram Memorial Hospital  Jahgirpuri,,,2,0003,1,522,0,5,0,False
440,N.C. Joshi Hospital,,,6,0006,4,534,,4,0,False
441,Lal Bahadur Shastri Hospital,,,4,0028,6,515,,5,0,False
442,DGD Pvr Complex Saket,,,9,0036,7,507,,8,0,False
443,Hindu Rao Hospital,,,6,0004,4,519,,5,0,False
444,Aruna Asaf Ali Hospital,,,6,0004,4,520,0,5,0,False
445,SPUHC Rajveer Colony,,,4,0028,6,514,0,8,0,False
446,Dr Baba Saheb Ambedkar Hospital Rohini,,,1,0002,2,554,0,5,0,False
447,DH JPC HOSPITAL,,,3,0007,8,534,0,5,0,False
448,SVB Patel Hospital,,,7,0019,3,530,0,4,0,False
449,Rao Tula Ram Hospital,,,8,0022,10,529,0,5,0,False
450,Kasturba Hospital,,,6,0006,4,535,0,5,0,False
451,Guru Teg Bahadur Hospital,,,10,0009,12,515,,5,0,False
452,Guru Govind Singh Govt Hospital,,,7,0020,3,512,0,5,0,False
453,Delhi Cantt Base Hospital (Army),,,5,0023,5,513,,5,0,False
454,DH SDN HOSPITAL,,,10,0009,12,516,0,5,0,False
455,Shri Dada Dev Matri Avum Shishu Chikitsalya Hospit,,,8,0033,10,514,0,5,0,False
456,ESI Hospital Rohini,,,1,0030,2,522,0,5,0,False
457,SPUHC Kamruddin Nagar,,,7,0021,3,522,0,8,0,False
458,All India Institute of Medical Sciences,,,9,0025,7,526,,5,0,False
459,ESI Hospital Okhla,,,11,0027,11,522,,5,0,False
460,Chacha Nehru Bal Chikitsalaya,,,4,0010,6,515,0,5,0,False
461,IG ESI Hospital,,,10,0011,12,506,,5,0,False
462,Deendayal Upadhyay Hospital,,,7,0020,3,513,0,5,0,False
463,ESI Basaidarapur Hospital,,,7,0019,3,531,0,5,0,False
464,SPUHC Inder Enclave,,,1,0030,2,523,,8,0,False
465,Health Center cum Maternity Hospital Kanti Nagar,,,10,0008,12,513,,4,0,False
466,LNJP Hospital,,,6,0006,4,536,,5,0,False
467,Girdhari Lal Maternity Hospital,,,6,0006,4,537,,4,0,False
468,Lady Harding Medical College and Hospital,,,5,0014,5,513,,5,0,False
469,Ram Manohar Lohia Hospital,,,5,0014,5,514,0,5,0,False
470,Charak Palika Hospital NDMC,,,5,0014,5,504,0,5,0,False
471,SPUHC Sudharshan park,,,7,0019,3,532,0,1,0,False
472,SPUHC Nilothi,,,7,0021,3,523,0,1,0,False
473,Safdarjung Hospital,,,5,0024,5,511,,5,0,False
474,Seed PUHC Sitapuri,,,8,0033,10,516,0,8,0,False
475,PHD Pandav Nagar,,,5,0023,5,515,,100,0,False
476,PHD Family Welfare Foundation,,,4,0012,6,524,0,16,0,False
477,Deep Chand Bandhu Hospital,,,1,0002,2,562,,5,0,False
478,MCW Nizampur,MCW Nizampur,,1,0029,2,506,,12,0,False
479,PHC Palam,PHC Palam,,8,0022,10,532,0,8,0,False
480,DGD Pandav Nagar,DGD Pandav Nagar,,4,0028,6,501,0,8,0,False
481,DGD NewLahore Shastri Nagar,DGD New Lohore Shastri Nagar,,4,0010,6,517,0,8,0,False
482,MH Mundka,MH Mundka,,7,0021,3,524,0,10,0,False
483,DGD Shiv Vihar Tiraha,DGD Shiv Vihar Tiraha,,3,0039,8,501,0,8,0,False
484,DGD Jhilmil,DGD Jhilmil,,10,0011,12,507,,8,0,False
486,SPUHC Lal Quan,Seep PUHC Lal Kuan,,11,0027,11,524,0,8,0,False
487,SPUHC Jasola,Seed PUHC Jasola,,11,0027,11,525,,8,0,False
488,SPUHC Meethapur,SPUHC Meethapur,,11,0037,11,509,,8,0,False
489,MCW Pusa,MCW Pusa,,5,0014,5,508,,12,0,False
490,DGD Basant Goan,DGD Basang Goan,,5,0024,5,512,0,8,0,False
491,Maternity Home Mundka to be deleted,Maternity Home Mundka,,7,0021,3,525,0,10,0,False
492,SPUHC Bhagirathi Vihar,SPUHC Bhagirathi Vihar,,3,0039,8,517,0,8,0,False
493,PHC Ujjwa,PHC Ujjwa,,8,0022,10,533,0,8,0,False
494,Chaudhary Brahm Prakash Charak Sansthan,Chaudhary Brahm Prakash Charak Sansthan,,8,0022,10,534,0,5,0,False
495,Dada Dev Dispensary,Dada Dev Dispensary,,8,0033,10,517,0,8,0,False
496,MCW Karala,MCW Karala,,1,0029,2,510,0,12,0,False
497,SPUHC Salhapur Khera,SPUHC Salhapur Khera,,8,0034,10,511,0,8,0,False
498,MH Munirka,MH Munirka,,5,0023,5,519,0,10,0,False
499,SPUHC Abul Fazal,SPUHC Abul Fazal,,11,0026,11,518,0,1,0,False
